{"stats":{"minecraft:custom":{"minecraft:jump":60,"minecraft:time_since_rest":11214,"minecraft:damage_dealt":58,"minecraft:walk_on_water_one_cm":575,"minecraft:sprint_one_cm":8101,"minecraft:play_time":11214,"minecraft:damage_taken":150,"minecraft:time_since_death":11214,"minecraft:walk_one_cm":8761,"minecraft:sneak_time":98,"minecraft:walk_under_water_one_cm":1382,"minecraft:total_world_time":11214,"minecraft:fly_one_cm":102236},"minecraft:used":{"minecraft:sand":17,"minecraft:command_block":1}},"DataVersion":3465}